instance,route_set_id,V,M,route_lengths,algorithm,status,objective,G,P,runtime_ms,cplex_status,cplex_objective,cplex_G,cplex_P,cplex_LB,cplex_UB,cplex_gap,cplex_runtime_ms,cplex_nodes,objective_diff,profiles_generated,profiles_after_dominance,profile_bpc_nodes,profile_bpc_pricing_calls,cache_hits,cache_misses,incremental_speedup,verifier_passed,exact_for_fixed_routes,result_file,log_file,notes
gcap_smoke_V4_M1.txt,"gcap_smoke_V4_M1_v4_rs0",4,1,3,"profile-dp","fixed_route_optimal",0.27625,0.15625,0.8,0.0683,"integer optimal solution",0.27625,0,0,0.27625,0.27625,0,0,0,0,75,75,76,1,0,0,0,"True","True","results/round3_paper_exact_loading\raw\gcap_smoke_V4_M1_v4_rs0_profile_dp.json","results/round3_paper_exact_loading\logs\gcap_smoke_V4_M1_v4_rs0_profile_dp.log","Exact mode enumerates all pickup/drop quantities; dominance only merges identical q-vector and final-load profiles keeping the shortest duration."
gcap_smoke_V4_M1.txt,"gcap_smoke_V4_M1_v4_rs10",4,1,3,"profile-dp","fixed_route_optimal",0.33,0.15,1.2,0.0834,"integer optimal solution",0.33,0,0,0.33,0.33,0,0,0,5.55111512313E-17,110,110,111,1,0,0,0,"True","True","results/round3_paper_exact_loading\raw\gcap_smoke_V4_M1_v4_rs10_profile_dp.json","results/round3_paper_exact_loading\logs\gcap_smoke_V4_M1_v4_rs10_profile_dp.log","Exact mode enumerates all pickup/drop quantities; dominance only merges identical q-vector and final-load profiles keeping the shortest duration."
gcap_smoke_V4_M1.txt,"gcap_smoke_V4_M1_v4_rs11",4,1,1,"profile-dp","fixed_route_optimal",0.49,0.25,1.6,0.0078,"integer optimal solution",0.49,0,0,0.49,0.49,0,0,0,0,3,3,4,1,0,0,0,"True","True","results/round3_paper_exact_loading\raw\gcap_smoke_V4_M1_v4_rs11_profile_dp.json","results/round3_paper_exact_loading\logs\gcap_smoke_V4_M1_v4_rs11_profile_dp.log","Exact mode enumerates all pickup/drop quantities; dominance only merges identical q-vector and final-load profiles keeping the shortest duration."
gcap_smoke_V4_M1.txt,"gcap_smoke_V4_M1_v4_rs12",4,1,2,"profile-dp","fixed_route_optimal",0.465,0.225,1.6,0.03,"integer optimal solution",0.465,0,0,0.465,0.465,0,0,0,0,22,22,23,1,0,0,0,"True","True","results/round3_paper_exact_loading\raw\gcap_smoke_V4_M1_v4_rs12_profile_dp.json","results/round3_paper_exact_loading\logs\gcap_smoke_V4_M1_v4_rs12_profile_dp.log","Exact mode enumerates all pickup/drop quantities; dominance only merges identical q-vector and final-load profiles keeping the shortest duration."
gcap_smoke_V4_M1.txt,"gcap_smoke_V4_M1_v4_rs13",4,1,1,"profile-dp","fixed_route_optimal",0.341176470588,0.191176470588,1,0.0079,"integer optimal solution",0.341176470588,0,0,0.341176470588,0.341176470588,0,0,0,1.53210777398E-14,5,5,6,1,0,0,0,"True","True","results/round3_paper_exact_loading\raw\gcap_smoke_V4_M1_v4_rs13_profile_dp.json","results/round3_paper_exact_loading\logs\gcap_smoke_V4_M1_v4_rs13_profile_dp.log","Exact mode enumerates all pickup/drop quantities; dominance only merges identical q-vector and final-load profiles keeping the shortest duration."
gcap_smoke_V4_M1.txt,"gcap_smoke_V4_M1_v4_rs14",4,1,1,"profile-dp","fixed_route_optimal",0.49,0.25,1.6,0.0065,"integer optimal solution",0.49,0,0,0.49,0.49,0,0,0,0,3,3,4,1,0,0,0,"True","True","results/round3_paper_exact_loading\raw\gcap_smoke_V4_M1_v4_rs14_profile_dp.json","results/round3_paper_exact_loading\logs\gcap_smoke_V4_M1_v4_rs14_profile_dp.log","Exact mode enumerates all pickup/drop quantities; dominance only merges identical q-vector and final-load profiles keeping the shortest duration."
gcap_smoke_V4_M1.txt,"gcap_smoke_V4_M1_v4_rs15",4,1,3,"profile-dp","fixed_route_optimal",0.222352941176,0.132352941176,0.6,0.0874,"integer optimal solution",0.222352941176,0,0,0.222352941176,0.222352941176,0,0,0,1.06026298852E-14,110,110,111,1,0,0,0,"True","True","results/round3_paper_exact_loading\raw\gcap_smoke_V4_M1_v4_rs15_profile_dp.json","results/round3_paper_exact_loading\logs\gcap_smoke_V4_M1_v4_rs15_profile_dp.log","Exact mode enumerates all pickup/drop quantities; dominance only merges identical q-vector and final-load profiles keeping the shortest duration."
gcap_smoke_V4_M1.txt,"gcap_smoke_V4_M1_v4_rs16",4,1,3,"profile-dp","fixed_route_optimal",0.222352941176,0.132352941176,0.6,0.1017,"integer optimal solution",0.222352941176,0,0,0.222352941176,0.222352941176,0,0,0,1.06026298852E-14,125,125,126,1,0,0,0,"True","True","results/round3_paper_exact_loading\raw\gcap_smoke_V4_M1_v4_rs16_profile_dp.json","results/round3_paper_exact_loading\logs\gcap_smoke_V4_M1_v4_rs16_profile_dp.log","Exact mode enumerates all pickup/drop quantities; dominance only merges identical q-vector and final-load profiles keeping the shortest duration."
gcap_smoke_V4_M1.txt,"gcap_smoke_V4_M1_v4_rs17",4,1,1,"profile-dp","fixed_route_optimal",0.49,0.25,1.6,0.0079,"integer optimal solution",0.49,0,0,0.49,0.49,0,0,0,0,3,3,4,1,0,0,0,"True","True","results/round3_paper_exact_loading\raw\gcap_smoke_V4_M1_v4_rs17_profile_dp.json","results/round3_paper_exact_loading\logs\gcap_smoke_V4_M1_v4_rs17_profile_dp.log","Exact mode enumerates all pickup/drop quantities; dominance only merges identical q-vector and final-load profiles keeping the shortest duration."
gcap_smoke_V4_M1.txt,"gcap_smoke_V4_M1_v4_rs18",4,1,2,"profile-dp","fixed_route_optimal",0.286666666667,0.166666666667,0.8,0.0217,"integer optimal solution",0.286666666667,0,0,0.286666666667,0.286666666667,0,0,0,1.06692432666E-13,25,25,26,1,0,0,0,"True","True","results/round3_paper_exact_loading\raw\gcap_smoke_V4_M1_v4_rs18_profile_dp.json","results/round3_paper_exact_loading\logs\gcap_smoke_V4_M1_v4_rs18_profile_dp.log","Exact mode enumerates all pickup/drop quantities; dominance only merges identical q-vector and final-load profiles keeping the shortest duration."
gcap_smoke_V4_M1.txt,"gcap_smoke_V4_M1_v4_rs19",4,1,2,"profile-dp","fixed_route_optimal",0.46,0.25,1.4,0.0224,"integer optimal solution",0.46,0,0,0.46,0.46,0,0,0,4.0079051189E-14,25,25,26,1,0,0,0,"True","True","results/round3_paper_exact_loading\raw\gcap_smoke_V4_M1_v4_rs19_profile_dp.json","results/round3_paper_exact_loading\logs\gcap_smoke_V4_M1_v4_rs19_profile_dp.log","Exact mode enumerates all pickup/drop quantities; dominance only merges identical q-vector and final-load profiles keeping the shortest duration."
gcap_smoke_V4_M1.txt,"gcap_smoke_V4_M1_v4_rs1",4,1,2,"profile-dp","fixed_route_optimal",0.27625,0.15625,0.8,0.0208,"integer optimal solution",0.27625,0,0,0.27625,0.27625,0,0,0,7.77156117238E-16,25,25,26,1,0,0,0,"True","True","results/round3_paper_exact_loading\raw\gcap_smoke_V4_M1_v4_rs1_profile_dp.json","results/round3_paper_exact_loading\logs\gcap_smoke_V4_M1_v4_rs1_profile_dp.log","Exact mode enumerates all pickup/drop quantities; dominance only merges identical q-vector and final-load profiles keeping the shortest duration."
gcap_smoke_V4_M1.txt,"gcap_smoke_V4_M1_v4_rs2",4,1,2,"profile-dp","fixed_route_optimal",0.46,0.25,1.4,0.0132,"integer optimal solution",0.46,0,0,0.46,0.46,0,0,0,3.99680288865E-14,15,15,16,1,0,0,0,"True","True","results/round3_paper_exact_loading\raw\gcap_smoke_V4_M1_v4_rs2_profile_dp.json","results/round3_paper_exact_loading\logs\gcap_smoke_V4_M1_v4_rs2_profile_dp.log","Exact mode enumerates all pickup/drop quantities; dominance only merges identical q-vector and final-load profiles keeping the shortest duration."
gcap_smoke_V4_M1.txt,"gcap_smoke_V4_M1_v4_rs3",4,1,2,"profile-dp","fixed_route_optimal",0.286666666667,0.166666666667,0.8,0.0245,"integer optimal solution",0.286666666667,0,0,0.286666666667,0.286666666667,0,0,0,1.06692432666E-13,25,25,26,1,0,0,0,"True","True","results/round3_paper_exact_loading\raw\gcap_smoke_V4_M1_v4_rs3_profile_dp.json","results/round3_paper_exact_loading\logs\gcap_smoke_V4_M1_v4_rs3_profile_dp.log","Exact mode enumerates all pickup/drop quantities; dominance only merges identical q-vector and final-load profiles keeping the shortest duration."
gcap_smoke_V4_M1.txt,"gcap_smoke_V4_M1_v4_rs4",4,1,3,"profile-dp","fixed_route_optimal",0.311764705882,0.161764705882,1,0.0762,"integer optimal solution",0.311764705882,0,0,0.311764705882,0.311764705882,0,0,0,1.29896093881E-14,100,100,101,1,0,0,0,"True","True","results/round3_paper_exact_loading\raw\gcap_smoke_V4_M1_v4_rs4_profile_dp.json","results/round3_paper_exact_loading\logs\gcap_smoke_V4_M1_v4_rs4_profile_dp.log","Exact mode enumerates all pickup/drop quantities; dominance only merges identical q-vector and final-load profiles keeping the shortest duration."
gcap_smoke_V4_M1.txt,"gcap_smoke_V4_M1_v4_rs5",4,1,3,"profile-dp","fixed_route_optimal",0.433684210526,0.223684210526,1.4,0.0847,"integer optimal solution",0.433684210526,0,0,0.433684210526,0.433684210526,0,0,0,3.58046925442E-14,110,110,111,1,0,0,0,"True","True","results/round3_paper_exact_loading\raw\gcap_smoke_V4_M1_v4_rs5_profile_dp.json","results/round3_paper_exact_loading\logs\gcap_smoke_V4_M1_v4_rs5_profile_dp.log","Exact mode enumerates all pickup/drop quantities; dominance only merges identical q-vector and final-load profiles keeping the shortest duration."
gcap_smoke_V4_M1.txt,"gcap_smoke_V4_M1_v4_rs6",4,1,2,"profile-dp","fixed_route_optimal",0.135,0.075,0.4,0.0214,"integer optimal solution",0.135,0,0,0.135,0.135,0,0,0,0,22,22,23,1,0,0,0,"True","True","results/round3_paper_exact_loading\raw\gcap_smoke_V4_M1_v4_rs6_profile_dp.json","results/round3_paper_exact_loading\logs\gcap_smoke_V4_M1_v4_rs6_profile_dp.log","Exact mode enumerates all pickup/drop quantities; dominance only merges identical q-vector and final-load profiles keeping the shortest duration."
gcap_smoke_V4_M1.txt,"gcap_smoke_V4_M1_v4_rs7",4,1,3,"profile-dp","fixed_route_optimal",0.222352941176,0.132352941176,0.6,0.0947,"integer optimal solution",0.222352941176,0,0,0.222352941176,0.222352941176,0,0,0,1.06026298852E-14,125,125,126,1,0,0,0,"True","True","results/round3_paper_exact_loading\raw\gcap_smoke_V4_M1_v4_rs7_profile_dp.json","results/round3_paper_exact_loading\logs\gcap_smoke_V4_M1_v4_rs7_profile_dp.log","Exact mode enumerates all pickup/drop quantities; dominance only merges identical q-vector and final-load profiles keeping the shortest duration."
gcap_smoke_V4_M1.txt,"gcap_smoke_V4_M1_v4_rs8",4,1,3,"profile-dp","fixed_route_optimal",0.311764705882,0.161764705882,1,0.0744,"integer optimal solution",0.311764705882,0,0,0.311764705882,0.311764705882,0,0,0,1.29896093881E-14,100,100,101,1,0,0,0,"True","True","results/round3_paper_exact_loading\raw\gcap_smoke_V4_M1_v4_rs8_profile_dp.json","results/round3_paper_exact_loading\logs\gcap_smoke_V4_M1_v4_rs8_profile_dp.log","Exact mode enumerates all pickup/drop quantities; dominance only merges identical q-vector and final-load profiles keeping the shortest duration."
gcap_smoke_V4_M1.txt,"gcap_smoke_V4_M1_v4_rs9",4,1,1,"profile-dp","fixed_route_optimal",0.49,0.25,1.6,0.0062,"integer optimal solution",0.49,0,0,0.49,0.49,0,0,0,0,3,3,4,1,0,0,0,"True","True","results/round3_paper_exact_loading\raw\gcap_smoke_V4_M1_v4_rs9_profile_dp.json","results/round3_paper_exact_loading\logs\gcap_smoke_V4_M1_v4_rs9_profile_dp.log","Exact mode enumerates all pickup/drop quantities; dominance only merges identical q-vector and final-load profiles keeping the shortest duration."
"regen_V10_M2_average.txt","regen_V10_M2_average_v10_rs0",10,2,3;3,"profile-dp","fixed_route_optimal",0.607844232787,0.274199375583,2.22429904803,498.7607,"cplex_milp_ratio_sum_selector_limit",0,0,0,0,0,1,0,0,0,3708,3708,1609915,2,0,0,0,"True","True","results/round3_paper_exact_loading\raw\regen_V10_M2_average_v10_rs0_profile_dp.json","results/round3_paper_exact_loading\logs\regen_V10_M2_average_v10_rs0_profile_dp.log","Exact mode enumerates all pickup/drop quantities; dominance only merges identical q-vector and final-load profiles keeping the shortest duration."
"regen_V10_M2_average.txt","regen_V10_M2_average_v10_rs10",10,2,2;3,"profile-dp","fixed_route_optimal",0.857977933985,0.360192483392,3.31856967062,272.5705,"cplex_milp_ratio_sum_selector_limit",0,0,0,0,0,1,0,0,0,2636,2636,868887,2,0,0,0,"True","True","results/round3_paper_exact_loading\raw\regen_V10_M2_average_v10_rs10_profile_dp.json","results/round3_paper_exact_loading\logs\regen_V10_M2_average_v10_rs10_profile_dp.log","Exact mode enumerates all pickup/drop quantities; dominance only merges identical q-vector and final-load profiles keeping the shortest duration."
"regen_V10_M2_average.txt","regen_V10_M2_average_v10_rs11",10,2,1;3,"profile-dp","fixed_route_optimal",0.778947999626,0.340292218539,2.92437187391,38.0162,"integer optimal solution",0.77894799639,0,0,0.77894799639,0.77894799639,0,0,0,3.2358621338E-09,5292,5292,110713,2,0,0,0,"True","True","results/round3_paper_exact_loading\raw\regen_V10_M2_average_v10_rs11_profile_dp.json","results/round3_paper_exact_loading\logs\regen_V10_M2_average_v10_rs11_profile_dp.log","Exact mode enumerates all pickup/drop quantities; dominance only merges identical q-vector and final-load profiles keeping the shortest duration."
"regen_V10_M2_average.txt","regen_V10_M2_average_v10_rs12",10,2,2;2,"profile-dp","fixed_route_optimal",1.04727827515,0.41541530252,4.2124198175,33.3774,"cplex_milp_ratio_sum_selector_limit",0,0,0,0,0,1,0,0,0,371,371,30241,2,0,0,0,"True","True","results/round3_paper_exact_loading\raw\regen_V10_M2_average_v10_rs12_profile_dp.json","results/round3_paper_exact_loading\logs\regen_V10_M2_average_v10_rs12_profile_dp.log","Exact mode enumerates all pickup/drop quantities; dominance only merges identical q-vector and final-load profiles keeping the shortest duration."
"regen_V10_M2_average.txt","regen_V10_M2_average_v10_rs13",10,2,3;2,"profile-dp","fixed_route_optimal",0.908923737736,0.386915587283,3.48005433635,308.903,"cplex_milp_ratio_sum_selector_limit",0,0,0,0,0,1,0,0,0,5247,4278,1014805,2,0,0,0,"True","True","results/round3_paper_exact_loading\raw\regen_V10_M2_average_v10_rs13_profile_dp.json","results/round3_paper_exact_loading\logs\regen_V10_M2_average_v10_rs13_profile_dp.log","Exact mode enumerates all pickup/drop quantities; dominance only merges identical q-vector and final-load profiles keeping the shortest duration."
"regen_V10_M2_average.txt","regen_V10_M2_average_v10_rs14",10,2,1;1,"profile-dp","fixed_route_optimal",1.2174850736,0.457565850976,5.06612815083,0.0297,"integer optimal solution",1.2174850736,0,0,1.2174850736,1.2174850736,0,0,0,1.10311759727E-12,23,23,64,2,0,0,0,"True","True","results/round3_paper_exact_loading\raw\regen_V10_M2_average_v10_rs14_profile_dp.json","results/round3_paper_exact_loading\logs\regen_V10_M2_average_v10_rs14_profile_dp.log","Exact mode enumerates all pickup/drop quantities; dominance only merges identical q-vector and final-load profiles keeping the shortest duration."
"regen_V10_M2_average.txt","regen_V10_M2_average_v10_rs15",10,2,2;1,"profile-dp","fixed_route_optimal",0.965436173422,0.409920019122,3.70344102866,4.5903,"integer optimal solution",0.965436173168,0,0,0.965436173168,0.965436173168,0,0,0,2.53744136813E-10,456,456,9571,2,0,0,0,"True","True","results/round3_paper_exact_loading\raw\regen_V10_M2_average_v10_rs15_profile_dp.json","results/round3_paper_exact_loading\logs\regen_V10_M2_average_v10_rs15_profile_dp.log","Exact mode enumerates all pickup/drop quantities; dominance only merges identical q-vector and final-load profiles keeping the shortest duration."
"regen_V10_M2_average.txt","regen_V10_M2_average_v10_rs16",10,2,1;1,"profile-dp","fixed_route_optimal",1.19282367875,0.463786809065,4.86024579789,0.0552,"integer optimal solution",1.19282367875,0,0,1.19282367875,1.19282367875,0,0,0,1.10045306201E-12,27,27,148,2,0,0,0,"True","True","results/round3_paper_exact_loading\raw\regen_V10_M2_average_v10_rs16_profile_dp.json","results/round3_paper_exact_loading\logs\regen_V10_M2_average_v10_rs16_profile_dp.log","Exact mode enumerates all pickup/drop quantities; dominance only merges identical q-vector and final-load profiles keeping the shortest duration."
"regen_V10_M2_average.txt","regen_V10_M2_average_v10_rs17",10,2,1;1,"profile-dp","fixed_route_optimal",1.20239502729,0.464142454662,4.9216838175,0.056,"integer optimal solution",1.20239502729,0,0,1.20239502729,1.20239502729,0,0,0,2.59570143157E-13,27,27,133,2,0,0,0,"True","True","results/round3_paper_exact_loading\raw\regen_V10_M2_average_v10_rs17_profile_dp.json","results/round3_paper_exact_loading\logs\regen_V10_M2_average_v10_rs17_profile_dp.log","Exact mode enumerates all pickup/drop quantities; dominance only merges identical q-vector and final-load profiles keeping the shortest duration."
"regen_V10_M2_average.txt","regen_V10_M2_average_v10_rs18",10,2,3;3,"profile-dp","fixed_route_optimal",0.90078000577,0.390662810324,3.40078130297,2893.1053,"cplex_milp_ratio_sum_selector_limit",0,0,0,0,0,1,0,0,0,7521,6381,9298882,2,0,0,0,"True","True","results/round3_paper_exact_loading\raw\regen_V10_M2_average_v10_rs18_profile_dp.json","results/round3_paper_exact_loading\logs\regen_V10_M2_average_v10_rs18_profile_dp.log","Exact mode enumerates all pickup/drop quantities; dominance only merges identical q-vector and final-load profiles keeping the shortest duration."
"regen_V10_M2_average.txt","regen_V10_M2_average_v10_rs19",10,2,1;3,"profile-dp","fixed_route_optimal",1.11288835291,0.447594301796,4.43529367408,5.3652,"cplex_milp_ratio_sum_selector_limit",0,0,0,0,0,1,0,0,0,4601,4601,9201,2,0,0,0,"True","True","results/round3_paper_exact_loading\raw\regen_V10_M2_average_v10_rs19_profile_dp.json","results/round3_paper_exact_loading\logs\regen_V10_M2_average_v10_rs19_profile_dp.log","Exact mode enumerates all pickup/drop quantities; dominance only merges identical q-vector and final-load profiles keeping the shortest duration."
"regen_V10_M2_average.txt","regen_V10_M2_average_v10_rs1",10,2,1;3,"profile-dp","fixed_route_optimal",0.732352031768,0.321881906395,2.73646750248,15.714,"cplex_milp_ratio_sum_selector_limit",0,0,0,0,0,1,0,0,0,2271,2271,47272,2,0,0,0,"True","True","results/round3_paper_exact_loading\raw\regen_V10_M2_average_v10_rs1_profile_dp.json","results/round3_paper_exact_loading\logs\regen_V10_M2_average_v10_rs1_profile_dp.log","Exact mode enumerates all pickup/drop quantities; dominance only merges identical q-vector and final-load profiles keeping the shortest duration."
"regen_V10_M2_average.txt","regen_V10_M2_average_v10_rs2",10,2,3;3,"profile-dp","fixed_route_optimal",0.909794970755,0.364815655335,3.63319543613,818.3888,"cplex_milp_ratio_sum_selector_limit",0,0,0,0,0,1,0,0,0,5757,5740,2629979,2,0,0,0,"True","True","results/round3_paper_exact_loading\raw\regen_V10_M2_average_v10_rs2_profile_dp.json","results/round3_paper_exact_loading\logs\regen_V10_M2_average_v10_rs2_profile_dp.log","Exact mode enumerates all pickup/drop quantities; dominance only merges identical q-vector and final-load profiles keeping the shortest duration."
"regen_V10_M2_average.txt","regen_V10_M2_average_v10_rs3",10,2,2;2,"profile-dp","fixed_route_optimal",1.16956336628,0.462193146601,4.71580146456,15.1905,"cplex_milp_ratio_sum_selector_limit",0,0,0,0,0,1,0,0,0,506,506,46441,2,0,0,0,"True","True","results/round3_paper_exact_loading\raw\regen_V10_M2_average_v10_rs3_profile_dp.json","results/round3_paper_exact_loading\logs\regen_V10_M2_average_v10_rs3_profile_dp.log","Exact mode enumerates all pickup/drop quantities; dominance only merges identical q-vector and final-load profiles keeping the shortest duration."
"regen_V10_M2_average.txt","regen_V10_M2_average_v10_rs4",10,2,2;1,"profile-dp","fixed_route_optimal",1.20239502729,0.464142454662,4.9216838175,0.283,"integer optimal solution",1.20239502729,0,0,1.20239502729,1.20239502729,0,0,0,8.93951579428E-13,63,63,925,2,0,0,0,"True","True","results/round3_paper_exact_loading\raw\regen_V10_M2_average_v10_rs4_profile_dp.json","results/round3_paper_exact_loading\logs\regen_V10_M2_average_v10_rs4_profile_dp.log","Exact mode enumerates all pickup/drop quantities; dominance only merges identical q-vector and final-load profiles keeping the shortest duration."
"regen_V10_M2_average.txt","regen_V10_M2_average_v10_rs5",10,2,2;3,"profile-dp","fixed_route_optimal",1.05750730569,0.445655861523,4.07900962776,39.0198,"cplex_milp_ratio_sum_selector_limit",0,0,0,0,0,1,0,0,0,753,753,126254,2,0,0,0,"True","True","results/round3_paper_exact_loading\raw\regen_V10_M2_average_v10_rs5_profile_dp.json","results/round3_paper_exact_loading\logs\regen_V10_M2_average_v10_rs5_profile_dp.log","Exact mode enumerates all pickup/drop quantities; dominance only merges identical q-vector and final-load profiles keeping the shortest duration."
"regen_V10_M2_average.txt","regen_V10_M2_average_v10_rs6",10,2,2;1,"profile-dp","fixed_route_optimal",1.17175130484,0.460098722214,4.74435055083,0.7278,"cplex_milp_ratio_sum_selector_limit",0,0,0,0,0,1,0,0,0,253,253,754,2,0,0,0,"True","True","results/round3_paper_exact_loading\raw\regen_V10_M2_average_v10_rs6_profile_dp.json","results/round3_paper_exact_loading\logs\regen_V10_M2_average_v10_rs6_profile_dp.log","Exact mode enumerates all pickup/drop quantities; dominance only merges identical q-vector and final-load profiles keeping the shortest duration."
"regen_V10_M2_average.txt","regen_V10_M2_average_v10_rs7",10,2,3;3,"profile-dp","fixed_route_optimal",0.73604516684,0.307243298791,2.85867912033,9117.6827,"cplex_milp_ratio_sum_selector_limit",0,0,0,0,0,1,0,0,0,13885,11705,29226561,2,0,0,0,"True","True","results/round3_paper_exact_loading\raw\regen_V10_M2_average_v10_rs7_profile_dp.json","results/round3_paper_exact_loading\logs\regen_V10_M2_average_v10_rs7_profile_dp.log","Exact mode enumerates all pickup/drop quantities; dominance only merges identical q-vector and final-load profiles keeping the shortest duration."
"regen_V10_M2_average.txt","regen_V10_M2_average_v10_rs8",10,2,2;2,"profile-dp","fixed_route_optimal",1.03635509482,0.405663887491,4.20460804888,43.4199,"cplex_milp_ratio_sum_selector_limit",0,0,0,0,0,1,0,0,0,762,762,141883,2,0,0,0,"True","True","results/round3_paper_exact_loading\raw\regen_V10_M2_average_v10_rs8_profile_dp.json","results/round3_paper_exact_loading\logs\regen_V10_M2_average_v10_rs8_profile_dp.log","Exact mode enumerates all pickup/drop quantities; dominance only merges identical q-vector and final-load profiles keeping the shortest duration."
"regen_V10_M2_average.txt","regen_V10_M2_average_v10_rs9",10,2,3;1,"profile-dp","fixed_route_optimal",0.888763083143,0.372105870854,3.44438141526,9.8718,"cplex_milp_ratio_sum_selector_limit",0,0,0,0,0,1,0,0,0,6703,6662,19981,2,0,0,0,"True","True","results/round3_paper_exact_loading\raw\regen_V10_M2_average_v10_rs9_profile_dp.json","results/round3_paper_exact_loading\logs\regen_V10_M2_average_v10_rs9_profile_dp.log","Exact mode enumerates all pickup/drop quantities; dominance only merges identical q-vector and final-load profiles keeping the shortest duration."
"regen_V8_M2_average.txt","regen_V8_M2_average_v8_rs0",8,2,3;3,"profile-dp","fixed_route_optimal",0.426517392395,0.229702456429,1.31209957311,2278.1211,"cplex_milp_ratio_sum_selector_limit",0,0,0,0,0,1,0,0,0,7767,6798,7534571,2,0,0,0,"True","True","results/round3_paper_exact_loading\raw\regen_V8_M2_average_v8_rs0_profile_dp.json","results/round3_paper_exact_loading\logs\regen_V8_M2_average_v8_rs0_profile_dp.log","Exact mode enumerates all pickup/drop quantities; dominance only merges identical q-vector and final-load profiles keeping the shortest duration."
"regen_V8_M2_average.txt","regen_V8_M2_average_v8_rs10",8,2,2;2,"profile-dp","fixed_route_optimal",0.791753758391,0.358479072211,2.88849790787,13.4101,"cplex_milp_ratio_sum_selector_limit",0,0,0,0,0,1,0,0,0,528,528,47611,2,0,0,0,"True","True","results/round3_paper_exact_loading\raw\regen_V8_M2_average_v8_rs10_profile_dp.json","results/round3_paper_exact_loading\logs\regen_V8_M2_average_v8_rs10_profile_dp.log","Exact mode enumerates all pickup/drop quantities; dominance only merges identical q-vector and final-load profiles keeping the shortest duration."
"regen_V8_M2_average.txt","regen_V8_M2_average_v8_rs11",8,2,2;3,"profile-dp","fixed_route_optimal",0.656716377532,0.315584399009,2.27421319015,89.6532,"cplex_milp_ratio_sum_selector_limit",0,0,0,0,0,1,0,0,0,1147,1147,300916,2,0,0,0,"True","True","results/round3_paper_exact_loading\raw\regen_V8_M2_average_v8_rs11_profile_dp.json","results/round3_paper_exact_loading\logs\regen_V8_M2_average_v8_rs11_profile_dp.log","Exact mode enumerates all pickup/drop quantities; dominance only merges identical q-vector and final-load profiles keeping the shortest duration."
"regen_V8_M2_average.txt","regen_V8_M2_average_v8_rs12",8,2,2;2,"profile-dp","fixed_route_optimal",0.50851262045,0.252431949445,1.70720447337,6.4289,"integer optimal solution",0.508512620159,0,0,0.508512620159,0.508512620159,0,0,0,2.91670909647E-10,321,321,17822,2,0,0,0,"True","True","results/round3_paper_exact_loading\raw\regen_V8_M2_average_v8_rs12_profile_dp.json","results/round3_paper_exact_loading\logs\regen_V8_M2_average_v8_rs12_profile_dp.log","Exact mode enumerates all pickup/drop quantities; dominance only merges identical q-vector and final-load profiles keeping the shortest duration."
"regen_V8_M2_average.txt","regen_V8_M2_average_v8_rs13",8,2,2;1,"profile-dp","fixed_route_optimal",0.948275060194,0.40278615842,3.6365926785,0.292,"integer optimal solution",0.948275060194,0,0,0.948275060194,0.948275060194,0,0,0,1.23567822641E-13,36,36,233,2,0,0,0,"True","True","results/round3_paper_exact_loading\raw\regen_V8_M2_average_v8_rs13_profile_dp.json","results/round3_paper_exact_loading\logs\regen_V8_M2_average_v8_rs13_profile_dp.log","Exact mode enumerates all pickup/drop quantities; dominance only merges identical q-vector and final-load profiles keeping the shortest duration."
"regen_V8_M2_average.txt","regen_V8_M2_average_v8_rs14",8,2,1;2,"profile-dp","fixed_route_optimal",0.680887978155,0.331969349108,2.32612419365,4.1267,"integer optimal solution",0.680887974947,0,0,0.680887974947,0.680887974947,0,0,0,3.2077208667E-09,357,357,7078,2,0,0,0,"True","True","results/round3_paper_exact_loading\raw\regen_V8_M2_average_v8_rs14_profile_dp.json","results/round3_paper_exact_loading\logs\regen_V8_M2_average_v8_rs14_profile_dp.log","Exact mode enumerates all pickup/drop quantities; dominance only merges identical q-vector and final-load profiles keeping the shortest duration."
"regen_V8_M2_average.txt","regen_V8_M2_average_v8_rs15",8,2,3;1,"profile-dp","fixed_route_optimal",0.586998413432,0.269450688128,2.11698483536,10.0665,"cplex_milp_ratio_sum_selector_limit",0,0,0,0,0,1,0,0,0,1491,1490,32319,2,0,0,0,"True","True","results/round3_paper_exact_loading\raw\regen_V8_M2_average_v8_rs15_profile_dp.json","results/round3_paper_exact_loading\logs\regen_V8_M2_average_v8_rs15_profile_dp.log","Exact mode enumerates all pickup/drop quantities; dominance only merges identical q-vector and final-load profiles keeping the shortest duration."
"regen_V8_M2_average.txt","regen_V8_M2_average_v8_rs16",8,2,1;1,"profile-dp","fixed_route_optimal",0.948275060194,0.40278615842,3.6365926785,0.0259,"integer optimal solution",0.948275060194,0,0,0.948275060194,0.948275060194,0,0,0,1.54098955818E-13,9,9,22,2,0,0,0,"True","True","results/round3_paper_exact_loading\raw\regen_V8_M2_average_v8_rs16_profile_dp.json","results/round3_paper_exact_loading\logs\regen_V8_M2_average_v8_rs16_profile_dp.log","Exact mode enumerates all pickup/drop quantities; dominance only merges identical q-vector and final-load profiles keeping the shortest duration."
"regen_V8_M2_average.txt","regen_V8_M2_average_v8_rs17",8,2,1;1,"profile-dp","fixed_route_optimal",0.948275060194,0.40278615842,3.6365926785,0.0489,"integer optimal solution",0.948275060194,0,0,0.948275060194,0.948275060194,0,0,0,1.54765089633E-13,23,23,64,2,0,0,0,"True","True","results/round3_paper_exact_loading\raw\regen_V8_M2_average_v8_rs17_profile_dp.json","results/round3_paper_exact_loading\logs\regen_V8_M2_average_v8_rs17_profile_dp.log","Exact mode enumerates all pickup/drop quantities; dominance only merges identical q-vector and final-load profiles keeping the shortest duration."
"regen_V8_M2_average.txt","regen_V8_M2_average_v8_rs18",8,2,2;3,"profile-dp","fixed_route_optimal",0.788530766561,0.35796320804,2.87045039014,48.4112,"cplex_milp_ratio_sum_selector_limit",0,0,0,0,0,1,0,0,0,4487,4487,155856,2,0,0,0,"True","True","results/round3_paper_exact_loading\raw\regen_V8_M2_average_v8_rs18_profile_dp.json","results/round3_paper_exact_loading\logs\regen_V8_M2_average_v8_rs18_profile_dp.log","Exact mode enumerates all pickup/drop quantities; dominance only merges identical q-vector and final-load profiles keeping the shortest duration."
"regen_V8_M2_average.txt","regen_V8_M2_average_v8_rs19",8,2,1;3,"profile-dp","fixed_route_optimal",0.703519428254,0.325706362789,2.51875376977,19.2684,"cplex_milp_ratio_sum_selector_limit",0,0,0,0,0,1,0,0,0,2912,2912,60733,2,0,0,0,"True","True","results/round3_paper_exact_loading\raw\regen_V8_M2_average_v8_rs19_profile_dp.json","results/round3_paper_exact_loading\logs\regen_V8_M2_average_v8_rs19_profile_dp.log","Exact mode enumerates all pickup/drop quantities; dominance only merges identical q-vector and final-load profiles keeping the shortest duration."
"regen_V8_M2_average.txt","regen_V8_M2_average_v8_rs1",8,2,1;3,"profile-dp","fixed_route_optimal",0.718719922964,0.341770104523,2.51299878961,12.5542,"cplex_milp_ratio_sum_selector_limit",0,0,0,0,0,1,0,0,0,2992,2988,29791,2,0,0,0,"True","True","results/round3_paper_exact_loading\raw\regen_V8_M2_average_v8_rs1_profile_dp.json","results/round3_paper_exact_loading\logs\regen_V8_M2_average_v8_rs1_profile_dp.log","Exact mode enumerates all pickup/drop quantities; dominance only merges identical q-vector and final-load profiles keeping the shortest duration."
"regen_V8_M2_average.txt","regen_V8_M2_average_v8_rs2",8,2,2;1,"profile-dp","fixed_route_optimal",0.847411360874,0.378402718904,3.1267242798,1.0358,"cplex_milp_ratio_sum_selector_limit",0,0,0,0,0,1,0,0,0,433,433,3409,2,0,0,0,"True","True","results/round3_paper_exact_loading\raw\regen_V8_M2_average_v8_rs2_profile_dp.json","results/round3_paper_exact_loading\logs\regen_V8_M2_average_v8_rs2_profile_dp.log","Exact mode enumerates all pickup/drop quantities; dominance only merges identical q-vector and final-load profiles keeping the shortest duration."
"regen_V8_M2_average.txt","regen_V8_M2_average_v8_rs3",8,2,1;2,"profile-dp","fixed_route_optimal",0.856056837266,0.378509111962,3.18365150203,1.5952,"cplex_milp_ratio_sum_selector_limit",0,0,0,0,0,1,0,0,0,343,343,2360,2,0,0,0,"True","True","results/round3_paper_exact_loading\raw\regen_V8_M2_average_v8_rs3_profile_dp.json","results/round3_paper_exact_loading\logs\regen_V8_M2_average_v8_rs3_profile_dp.log","Exact mode enumerates all pickup/drop quantities; dominance only merges identical q-vector and final-load profiles keeping the shortest duration."
"regen_V8_M2_average.txt","regen_V8_M2_average_v8_rs4",8,2,1;2,"profile-dp","fixed_route_optimal",0.719518231736,0.346242541812,2.48850459949,1.2223,"cplex_milp_ratio_sum_selector_limit",0,0,0,0,0,1,0,0,0,210,210,3991,2,0,0,0,"True","True","results/round3_paper_exact_loading\raw\regen_V8_M2_average_v8_rs4_profile_dp.json","results/round3_paper_exact_loading\logs\regen_V8_M2_average_v8_rs4_profile_dp.log","Exact mode enumerates all pickup/drop quantities; dominance only merges identical q-vector and final-load profiles keeping the shortest duration."
"regen_V8_M2_average.txt","regen_V8_M2_average_v8_rs5",8,2,2;3,"profile-dp","fixed_route_optimal",0.856056837266,0.378509111962,3.18365150203,17.8251,"cplex_milp_ratio_sum_selector_limit",0,0,0,0,0,1,0,0,0,1512,1512,61783,2,0,0,0,"True","True","results/round3_paper_exact_loading\raw\regen_V8_M2_average_v8_rs5_profile_dp.json","results/round3_paper_exact_loading\logs\regen_V8_M2_average_v8_rs5_profile_dp.log","Exact mode enumerates all pickup/drop quantities; dominance only merges identical q-vector and final-load profiles keeping the shortest duration."
"regen_V8_M2_average.txt","regen_V8_M2_average_v8_rs6",8,2,3;3,"profile-dp","fixed_route_optimal",0.303501687571,0.157830481377,0.971141374629,5905.8585,"cplex_milp_ratio_sum_selector_limit",0,0,0,0,0,1,0,0,0,10579,10411,19747493,2,0,0,0,"True","True","results/round3_paper_exact_loading\raw\regen_V8_M2_average_v8_rs6_profile_dp.json","results/round3_paper_exact_loading\logs\regen_V8_M2_average_v8_rs6_profile_dp.log","Exact mode enumerates all pickup/drop quantities; dominance only merges identical q-vector and final-load profiles keeping the shortest duration."
"regen_V8_M2_average.txt","regen_V8_M2_average_v8_rs7",8,2,3;2,"profile-dp","fixed_route_optimal",0.928641483797,0.393562476078,3.56719338479,29.2975,"cplex_milp_ratio_sum_selector_limit",0,0,0,0,0,1,0,0,0,623,623,97056,2,0,0,0,"True","True","results/round3_paper_exact_loading\raw\regen_V8_M2_average_v8_rs7_profile_dp.json","results/round3_paper_exact_loading\logs\regen_V8_M2_average_v8_rs7_profile_dp.log","Exact mode enumerates all pickup/drop quantities; dominance only merges identical q-vector and final-load profiles keeping the shortest duration."
"regen_V8_M2_average.txt","regen_V8_M2_average_v8_rs8",8,2,1;1,"profile-dp","fixed_route_optimal",0.586998413432,0.269450688128,2.11698483536,0.146,"integer optimal solution",0.586998413432,0,0,0.586998413432,0.586998413432,0,0,0,4.62296867454E-13,42,42,463,2,0,0,0,"True","True","results/round3_paper_exact_loading\raw\regen_V8_M2_average_v8_rs8_profile_dp.json","results/round3_paper_exact_loading\logs\regen_V8_M2_average_v8_rs8_profile_dp.log","Exact mode enumerates all pickup/drop quantities; dominance only merges identical q-vector and final-load profiles keeping the shortest duration."
"regen_V8_M2_average.txt","regen_V8_M2_average_v8_rs9",8,2,3;3,"profile-dp","fixed_route_optimal",0.780701056235,0.367304948626,2.75597405073,685.8144,"cplex_milp_ratio_sum_selector_limit",0,0,0,0,0,1,0,0,0,4010,4010,2246475,2,0,0,0,"True","True","results/round3_paper_exact_loading\raw\regen_V8_M2_average_v8_rs9_profile_dp.json","results/round3_paper_exact_loading\logs\regen_V8_M2_average_v8_rs9_profile_dp.log","Exact mode enumerates all pickup/drop quantities; dominance only merges identical q-vector and final-load profiles keeping the shortest duration."
